{
    "x_offset": -548.275879,
    "y_offset": 525.773987,
    "z_offset": 355.013733,
    "rx_offset": 75.139671,
    "ry_offset": 0.0,
    "rz_offset": 0.0
}