{
    "x_offset": -602.182068,
    "y_offset": 444.498077,
    "z_offset": 226.766495,
    "rx_offset": 86.292122,
    "ry_offset": 0.0,
    "rz_offset": 0.0
}