{
    "x_offset": -647.008179,
    "y_offset": 596.552673,
    "z_offset": 180.824951,
    "rx_offset": 88.521272,
    "ry_offset": 0.0,
    "rz_offset": 0.0
}