{
    "x_offset": -652.722229,
    "y_offset": 601.840088,
    "z_offset": 182.447083,
    "rx_offset": 89.843773,
    "ry_offset": 0.0,
    "rz_offset": 0.0
}