{
    "x_offset": -651.859985,
    "y_offset": 426.087036,
    "z_offset": 148.303543,
    "rx_offset": 86.451748,
    "ry_offset": 0.0,
    "rz_offset": 0.0
}